request_id,ticket_type,seat_number,status,processed_epoch
e0d29274-4531-4470-972c-d7b9f38c2c82,unnumbered,,success,1779972016.111733
276ac752-0d81-484a-b435-fb6f3884da25,unnumbered,,success,1779972016.112165
65140711-369b-4a4b-abcc-175b10227474,unnumbered,,success,1779972016.116198
3170591b-d468-4f48-b2f6-d1846764860e,unnumbered,,success,1779972016.120858
df40bf0b-77cd-4b12-b1c6-91b79e61747d,unnumbered,,success,1779972016.128076
c90e4074-1cb9-4b8c-9c69-7aa1a8831166,unnumbered,,success,1779972016.119392
367f5a6f-f2c5-44f2-86fb-41097155ae12,unnumbered,,success,1779972016.127791
63710dad-38e4-430a-be07-1c18c89b5fb3,unnumbered,,success,1779972016.138802
72733636-794b-4df7-8079-588c1fae279e,unnumbered,,success,1779972016.131909
75e1bea8-bfcf-423e-94ef-1b8e046115f7,unnumbered,,success,1779972016.150608
6744bbbe-8581-401e-b98d-00a67dd36905,unnumbered,,success,1779972016.153629
4de54f84-f9d5-4426-86a2-81b7eeab818c,unnumbered,,success,1779972016.153345
30457c73-80b5-4654-a404-a7b59d16f5ca,unnumbered,,success,1779972016.148308
5ee94a9d-83a0-4ef7-bdfb-2531b9431e8b,unnumbered,,success,1779972016.147539
37472ead-70f0-4423-8af4-c81e7f732665,unnumbered,,success,1779972016.153535
08f7bc5d-d8cc-4686-ad8c-680602aac11a,unnumbered,,success,1779972016.171452
c05f82fd-6f3f-4c5c-b69b-3553db55cbf8,unnumbered,,success,1779972016.157585
6786722d-b6dd-47ec-b5ce-592170f0893c,unnumbered,,success,1779972016.180551
7208bb60-9ec1-4a08-bb02-b9efbd123711,unnumbered,,success,1779972016.184329
2d9df4f4-0841-40fc-926a-94d83c61ffa3,unnumbered,,success,1779972016.200096
d9a1e904-1523-40ae-8352-e9cdf9a69962,unnumbered,,success,1779972016.252223
6dc242fd-2488-4c93-9147-ea131f50f17f,unnumbered,,success,1779972016.254336
0c2a8ecb-1cf3-43d9-833d-ed6bc87cc3dc,unnumbered,,success,1779972016.258712
b80987e5-d897-4506-ae55-863dafcc2e05,unnumbered,,success,1779972016.262957
1d2950d8-1a21-4f9c-accc-42dde56e8459,unnumbered,,success,1779972016.266153
f8b48f05-4141-4b77-9ce0-ef81b2004b13,unnumbered,,success,1779972016.268271
f6079e33-25d1-4f90-947b-48bc750902d4,unnumbered,,success,1779972016.270154
dec34439-3ed4-4747-9d3b-80635cd3ddd4,unnumbered,,success,1779972016.276999
d183dcb2-89d2-4ab3-b789-8945e6d40244,unnumbered,,success,1779972016.286685
6eb2b5df-e27b-4a33-97c7-4e7d97369827,unnumbered,,success,1779972016.292577
0d883437-4a6d-4a84-a64f-a31b6f455e59,unnumbered,,success,1779972016.298425
50024b3d-d238-42c4-bc29-f3a7e020e38d,unnumbered,,success,1779972016.299823
5edb45ed-dcda-43d2-8948-af61f669d311,unnumbered,,success,1779972016.302890
773b8578-0c4b-45e7-9e27-b02b3d886dd8,unnumbered,,success,1779972016.303817
d0ff0753-4d01-4741-abe1-8ca061f68cbe,unnumbered,,success,1779972016.303117
1221289c-44b8-484b-8313-cf31b12ecc79,unnumbered,,success,1779972016.307273
5908e436-d5c2-4c2f-9639-8aec55e3d776,unnumbered,,success,1779972016.308652
2b229b32-be0c-4440-8ffc-f7d623d9c1f7,unnumbered,,success,1779972016.313353
ea061f3d-6f57-48ec-87da-4cf11cec4aaa,unnumbered,,success,1779972016.322250
17821b7c-2f81-4cec-afa9-90e608a7c762,unnumbered,,success,1779972016.311953
73d5e3ce-d011-42de-ba86-cabd78343be3,unnumbered,,success,1779972016.323053
756a0b51-4620-4ea8-aef0-2703f8a0c66f,unnumbered,,success,1779972016.320803
b983e0fc-a798-4bab-9348-6220d3459f4d,unnumbered,,success,1779972016.347566
e4d00661-167d-43ab-b5e4-bdc048b23257,unnumbered,,success,1779972016.340653
f2ff06b6-754a-4b49-8dc1-993c4a7d447b,unnumbered,,success,1779972016.356657
87646155-b226-47e3-927b-8b522eb71775,unnumbered,,success,1779972016.358521
cc5ca057-c3cc-49f5-b855-969502f6d995,unnumbered,,success,1779972016.361099
34bb8d8a-22d3-4e0a-a342-31f880989f91,unnumbered,,success,1779972016.368837
9929e198-8d0b-4732-b6e9-59f5948b8e1e,unnumbered,,success,1779972016.375019
f2fd2880-17ee-41df-8e1f-6693d472342a,unnumbered,,success,1779972016.379949
9b2ceab1-601d-4c2c-9190-faa74125808e,unnumbered,,success,1779972016.380127
b491a2e4-4f39-429f-86b1-13a2df62b12c,unnumbered,,success,1779972016.361887
3bcc7534-5da9-4df3-bb53-111f745c5c01,unnumbered,,success,1779972016.391045
474a79b1-f638-4fea-8a06-93d59dfb022a,unnumbered,,success,1779972016.389224
3580800e-a549-4cc1-b2c8-d36d70a21da7,unnumbered,,success,1779972016.397333
d1aa3f80-0d75-4e65-a1fc-a0d579471807,unnumbered,,success,1779972016.413258
5ee70f6d-4d3a-4a8d-99a8-69ca4d901da9,unnumbered,,success,1779972016.415766
e542a15a-2e18-4955-bc0d-584ed2ae169c,unnumbered,,success,1779972016.418857
fbd7cc53-d9b4-41e4-873f-dffa15533ff0,unnumbered,,success,1779972016.425994
93a03d9e-352a-43db-96de-74433c7ed9bd,unnumbered,,success,1779972016.426376
1b08e71e-87e1-449b-a14f-f74cf6e5619a,unnumbered,,success,1779972016.430374
737ac460-a17b-46a6-ba5d-d25e9283f8e7,unnumbered,,success,1779972016.445016
69e13312-072f-43b1-bc47-d75868311273,unnumbered,,success,1779972016.445174
bb02a538-6297-456a-bb2d-b0323719e41f,unnumbered,,success,1779972016.449897
6bd4c739-e59f-4626-bd68-a4f4e2b22633,unnumbered,,success,1779972016.449452
a913c914-c090-451c-acae-e453e6f94c6a,unnumbered,,success,1779972016.459312
414c54c7-a229-4c24-826e-cf0e4179c69e,unnumbered,,success,1779972016.461831
b7a0388d-c994-4b77-80d6-ebef630c9e9a,unnumbered,,success,1779972016.462789
d75268ae-b0cb-48a8-8b81-40b9738f5392,unnumbered,,success,1779972016.467625
0d4bcc52-a725-4ed6-9e43-38a21fe4f333,unnumbered,,success,1779972016.469325
3e13c279-9838-468c-b9e6-cf832a3cd7ae,unnumbered,,success,1779972016.470170
9be18835-f195-4569-b388-186813f0612e,unnumbered,,success,1779972016.476776
f03dfb2b-6b41-4f0e-b376-40142f05c0c4,unnumbered,,success,1779972016.478758
31f3e727-55e8-459e-80be-f2941513a8b2,unnumbered,,success,1779972016.482652
1ec0f790-5791-4b61-b464-96ad8ee422f5,unnumbered,,success,1779972016.498640
26d8031a-f294-440b-985d-4710e98e66be,unnumbered,,success,1779972016.499033
acd60f5a-7250-4210-b352-e73846e515dd,unnumbered,,success,1779972016.499115
7a0dcf43-8591-49de-8364-6b97f22c87ce,unnumbered,,success,1779972016.504100
cb2d9c7a-279a-4122-bf97-91bfe135cac4,unnumbered,,success,1779972016.507005
0211268a-f43e-46fb-91d3-1e99564b4c5e,unnumbered,,success,1779972016.509149
8e16d642-19e8-4062-bda3-af17bd0960ed,unnumbered,,success,1779972016.512082
befa2640-92b5-48a0-ba2c-3f450422c915,unnumbered,,success,1779972016.514485
24206e51-eb4a-48ad-94e5-05e9040fbcfc,unnumbered,,success,1779972016.639435
5b2cbbbd-070b-4275-8714-16a8b3682a29,unnumbered,,success,1779972016.845049
3a3a011c-6f2b-4a1d-829b-865c6ae19a25,unnumbered,,success,1779972016.963784
b5e669f2-7c7f-4379-9351-49f3c4b55452,unnumbered,,success,1779972017.085023
d1707dc6-a0f8-4b88-a82a-be47a430fc10,unnumbered,,success,1779972017.214062
667e4f75-4713-433e-8e21-42cce7baeae2,unnumbered,,success,1779972017.333589
606016a9-437e-4598-a9c8-7f8312f546c5,unnumbered,,success,1779972017.545036
228ff110-380b-4f1e-9247-3c09e38f7c22,unnumbered,,success,1779972017.663249
f09b6edc-690b-4223-9abd-a4bf48e3cdbe,unnumbered,,success,1779972017.791879
2dc615b8-b963-41ea-a0c2-faa99cc05129,unnumbered,,success,1779972017.914696
1aa0f7b1-969c-43b7-9956-720a9c8b253f,unnumbered,,success,1779972018.036507
59f42815-dd63-4a23-84f3-a81f4912fde5,unnumbered,,success,1779972018.244574
fc57cefe-5eac-4eba-a92d-dbb7e51ff570,unnumbered,,success,1779972016.514815
c56dad0f-daac-4734-8fdf-87bb529101b8,unnumbered,,success,1779972016.635916
a87a496a-d43c-4f5c-bbb5-c321d2b51033,unnumbered,,success,1779972016.837076
2b6b52c2-c11e-4961-9bcb-725d693f69ed,unnumbered,,success,1779972016.956600
26f1e3d6-3a8f-4b6c-aa5c-d2a2b025dcff,unnumbered,,success,1779972017.074756
254c57f2-894d-4262-a265-2dd05dcb2700,unnumbered,,success,1779972017.194607
be6d5237-8591-48b8-935e-fadc31c0b18c,unnumbered,,success,1779972017.316135
1d56a8d1-2d49-4412-b51d-a09f399f9eb5,unnumbered,,success,1779972017.528192
1b59e979-96b2-4706-836b-fa34b9a9c674,unnumbered,,success,1779972017.649782
adbbe3c4-c441-4078-951c-a9f6b6370bbb,unnumbered,,success,1779972017.771037
999d341e-7f7d-4317-842b-c6323c38ce0b,unnumbered,,success,1779972017.915488
2654f65d-e51c-4291-8a53-da54dbf62aba,unnumbered,,success,1779972018.038232
df04a1cc-345c-4bcb-a8c5-053d3aa8fbf5,unnumbered,,success,1779972018.248189
b63c4891-7b8e-4928-87b1-d9e44c564b59,unnumbered,,success,1779972016.516289
81ce0071-1139-443a-90c6-29791e7f7e13,unnumbered,,success,1779972016.638587
db99ffa3-4804-46d0-9699-45398ddc2a84,unnumbered,,success,1779972016.838804
c8a60dc1-d1b6-48a6-8675-8c8d9336f2e7,unnumbered,,success,1779972016.958033
ee607eb3-c60c-4e33-a5b8-fadda14712a4,unnumbered,,success,1779972017.078756
06109e72-c0f6-4370-8f5e-2f76c12335ad,unnumbered,,success,1779972017.216687
d8c94dee-5412-4869-a732-4d7f0895c199,unnumbered,,success,1779972017.340223
00d5acfc-537e-4c5a-9247-c0bbff29c493,unnumbered,,success,1779972017.556581
2464987e-0c79-45ac-8cb4-3d5aba2cd855,unnumbered,,success,1779972017.678564
ca9d2d2b-d947-408d-8c60-f604012ac706,unnumbered,,success,1779972017.816583
270eb636-e1d3-4ae7-bf9c-8ba3c65da01c,unnumbered,,success,1779972017.938264
6dc7b42e-bbb8-45ff-b421-20176d278599,unnumbered,,success,1779972018.058621
597aeac7-1bc4-44c5-ae6a-f822ba0c3c0d,unnumbered,,success,1779972018.275613
dd2bb01d-a9ad-437f-bb94-b1724ada9e9a,unnumbered,,success,1779972016.518823
b0a46a11-7adb-4eba-9865-9281cb2ab26e,unnumbered,,success,1779972016.643472
d23cada0-f3a5-4025-a6d6-217e1d6a0d69,unnumbered,,success,1779972016.841917
168ed4c2-42c5-4829-a2c6-affb4e02023a,unnumbered,,success,1779972016.962616
3783b3b3-d617-486f-a0e0-c65e3937f29a,unnumbered,,success,1779972017.084140
6bcaa4f8-6f8f-4aa1-b008-a6bfbbf2b130,unnumbered,,success,1779972017.219920
a9f52439-e83b-45b9-93e8-0c040a59ce09,unnumbered,,success,1779972017.346187
2fe5d6cc-4c7c-4bf6-afa5-cfbe017a62d1,unnumbered,,success,1779972017.553733
8f8870e5-a6d3-4593-ba95-68133272e05d,unnumbered,,success,1779972017.680245
b75ec529-3805-4b3a-8587-d0fc322e8348,unnumbered,,success,1779972017.803268
196fecc0-0ddb-4ab8-8adc-840b0caa3aa2,unnumbered,,success,1779972017.933787
7df39263-4d3b-4a10-9324-a0627ad6f3a5,unnumbered,,success,1779972018.059785
5dcbd4f5-0441-4ebc-9f67-159305e20b85,unnumbered,,success,1779972018.271798
ac532559-621a-44c7-8868-2a17a4bf9e92,unnumbered,,success,1779972016.520005
e81694a4-3d68-4684-bf72-b63be0a637d0,unnumbered,,success,1779972016.651939
40b6e4b8-704f-45ac-b48c-e30b4f1c2ca7,unnumbered,,success,1779972016.781185
00bc074d-2ca3-4d23-a7ea-ece16b449079,unnumbered,,success,1779972016.911801
a1f5d6c1-5d74-487d-a5ed-629850823a7e,unnumbered,,success,1779972017.124329
38eb428a-51e0-41f8-92f2-81f5fad02dbb,unnumbered,,success,1779972017.252316
1404a473-5ec6-405b-8a7a-f952499c520d,unnumbered,,success,1779972017.375782
77a1f253-10af-4438-b1e5-6d0fbbed3365,unnumbered,,success,1779972017.499296
d74c5aef-7f9f-4d47-b8e0-72723c8b512d,unnumbered,,success,1779972017.631727
aec0ea6e-847f-43dd-b914-39728e5b6508,unnumbered,,success,1779972017.832164
f56545b6-c43c-40e5-b09f-180e2b3859b1,unnumbered,,success,1779972017.955631
d473cf76-57c8-4cd0-b4ee-d59996359d00,unnumbered,,success,1779972018.078882
199e128f-321d-4b85-8046-31edebb834ef,unnumbered,,success,1779972018.210202
61198ebe-0735-4bd1-894a-fbde070f692e,unnumbered,,success,1779972018.334719
0fde3cd9-f77c-47fb-8fa6-a79b48bd59e1,unnumbered,,success,1779972016.544181
0a44a70c-72de-48a9-b4f9-da13c36c61f2,unnumbered,,success,1779972016.669608
a8c2a2e5-a5a8-4944-9cef-cf906a99abca,unnumbered,,success,1779972016.803057
9fdefe2e-5426-4232-96b1-9887e34b84b8,unnumbered,,success,1779972016.930910
52f7fe9b-6793-434f-a6a8-eb00590434a1,unnumbered,,success,1779972017.160337
a7d165fc-7ee6-4438-b404-b7ff2892a1c2,unnumbered,,success,1779972017.293035
b4e321d8-9236-4262-b069-6a2c36f5be1e,unnumbered,,success,1779972017.423219
f82e6d72-1555-4bed-815d-73e5cb0b2989,unnumbered,,success,1779972017.547359
8427ea07-128b-4454-a9df-dc31b84b6d4b,unnumbered,,success,1779972017.680367
86b8e084-79cd-45bc-85d4-07d87ebc5d72,unnumbered,,success,1779972017.883616
dfdfcff8-88ca-4a97-97b1-04c642103be5,unnumbered,,success,1779972018.009705
54bf60ff-a935-4490-89f8-949679440968,unnumbered,,success,1779972018.143988
44037597-96a3-41d6-8f91-bb76787bd4c6,unnumbered,,success,1779972018.276069
10d0d835-c855-40bb-8df4-dacc425a7e66,unnumbered,,success,1779972016.549298
12a3566f-1ba9-4005-8e35-285968baa27b,unnumbered,,success,1779972016.675754
3ddd98c5-e9bc-4b4c-829c-34b5a95e5b63,unnumbered,,success,1779972016.902580
9a8785e1-1944-4c1d-a333-262d9820d569,unnumbered,,success,1779972017.030142
825aa3c5-63ee-4ecc-bd6e-67912bf72a26,unnumbered,,success,1779972017.161853
4466d888-e4aa-433f-8780-cab3bb6ec919,unnumbered,,success,1779972017.286891
55a4c7c4-c0dd-41f0-bea3-35aeefae474d,unnumbered,,success,1779972017.406948
523b35b9-ae76-4532-be33-5da82c6cb489,unnumbered,,success,1779972017.626214
6ee76021-e497-4270-b508-319ab8637b11,unnumbered,,success,1779972017.749935
602c9fe0-cac0-45c6-953e-acec272206f3,unnumbered,,success,1779972017.876017
fa5a7f07-f4d8-4472-8d26-65d1f2448ca8,unnumbered,,success,1779972017.996145
0f97bc89-f942-4e20-97d1-15c56cf8859b,unnumbered,,success,1779972018.119164
8c7519af-c616-48a7-9d02-02cb4b0a3764,unnumbered,,success,1779972018.327689
988f7948-b42c-45f7-9fa4-2fa1a379263c,unnumbered,,success,1779972016.565124
c4140c03-e013-451f-98cf-ea1fdd05d47e,unnumbered,,success,1779972016.687833
bc491265-1722-4731-a515-f1b5d4d16fab,unnumbered,,success,1779972016.811224
26e98e9b-cc14-4e60-bb8f-e7ea3f77c010,unnumbered,,success,1779972016.937314
b5a5a948-bab2-4339-9886-23a35f56c7fc,unnumbered,,success,1779972017.158716
18be3a3d-be9b-4910-a15a-fed213111075,unnumbered,,success,1779972017.281172
fbe82c30-1b5c-4ea2-8f3e-6ff888388f91,unnumbered,,success,1779972017.406228
7f9060fa-dd5e-4579-8e97-4de3d71d4806,unnumbered,,success,1779972017.526622
3b5665f5-8c10-47e6-a6bd-7670b639eb66,unnumbered,,success,1779972017.654322
0b9316ce-ca2f-44c2-9996-0886a691671e,unnumbered,,success,1779972017.861186
66762726-8ab8-470b-af29-294d597f36a0,unnumbered,,success,1779972017.981972
899a2916-55a5-432e-9f21-ca68f316dfd8,unnumbered,,success,1779972018.104067
486e151b-bdb4-48ee-8066-3f0c4fcc8f68,unnumbered,,success,1779972018.224348
f55e04c2-5af7-445a-b136-aa10d9c0bd8a,unnumbered,,success,1779972018.345924
4d1aa00c-16e2-4a34-aa91-6a1fd903ef8c,unnumbered,,success,1779972016.569490
3b2f02de-5170-4653-9694-ef09996aa2bd,unnumbered,,success,1779972016.787502
b2e3c01d-2163-4640-82df-89aa70cf7649,unnumbered,,success,1779972016.905818
4abc3f7c-018f-454c-993b-d2a859167435,unnumbered,,success,1779972017.036300
19b343d2-4042-4c69-853a-5c58536be6e6,unnumbered,,success,1779972017.160901
b3444de3-f6a3-46b6-9e9d-6df3abcf976e,unnumbered,,success,1779972017.282521
1a0144f2-2b70-456a-8460-da01edc7ef74,unnumbered,,success,1779972017.482725
3c6b2b5b-7855-4d0f-9cd7-532f86a4a744,unnumbered,,success,1779972017.603358
36c6692c-2e60-405d-9ca2-baaf1ada38c8,unnumbered,,success,1779972017.723297
0cfb38b8-5651-4468-9f0b-3ae931d7d010,unnumbered,,success,1779972017.842217
31541e61-13b7-4513-9872-52359ac54c22,unnumbered,,success,1779972017.961123
baf3d4d6-ddcf-41e6-9bd1-611ad8548bee,unnumbered,,success,1779972018.157223
f2855e57-9c1b-47b4-8f70-6805775b677b,unnumbered,,success,1779972018.278070
1ae6862c-4aff-459b-9c25-a2574c9ec702,unnumbered,,success,1779972016.570895
2baf8d95-6398-431e-9939-01a14e1c71ab,unnumbered,,success,1779972016.782585
f19c7076-26a4-48a5-ae94-fed22a8461b1,unnumbered,,success,1779972016.906793
04eb30be-0aa4-4ad0-a069-36d29c829c92,unnumbered,,success,1779972017.035775
4939b5a2-553e-4ab2-a318-782fa06b0494,unnumbered,,success,1779972017.158321
8a095fe5-7958-49d3-8f41-cfec2a1063f4,unnumbered,,success,1779972017.278847
d28ab01c-d7a5-4eff-996b-84d2081bafe8,unnumbered,,success,1779972017.486666
2536336d-6d84-4f86-803e-f5dcc5d0ea1d,unnumbered,,success,1779972017.608981
62f7a4d0-589f-4082-877f-51799696103b,unnumbered,,success,1779972017.735927
182c2165-d9b8-40db-8e72-0acf647016f9,unnumbered,,success,1779972017.857644
2f7d1e40-a12e-4baa-b74c-15ba7d3dca3b,unnumbered,,success,1779972017.979427
3c2d57c5-6151-450a-bf14-cb0938af72a1,unnumbered,,success,1779972018.192115
c100ebfc-dcc5-4a3e-954b-0f1584eeb444,unnumbered,,success,1779972018.315631
c081073e-623f-4e72-b6cc-6707fd2131fa,unnumbered,,success,1779972016.571154
2490c86f-b7f1-4b7c-8327-df9018fbca51,unnumbered,,success,1779972016.693378
37ffdd33-20b8-43c9-b38c-218576a6eb74,unnumbered,,success,1779972016.813556
148b8c34-a639-4e7c-be6e-f6681908c86c,unnumbered,,success,1779972017.021771
f213ca92-31c8-461a-955a-27d21b699aea,unnumbered,,success,1779972017.143549
3c675c48-c145-4c61-b22a-3ec309a37da1,unnumbered,,success,1779972017.263539
3cc95742-384e-4494-83f8-0f078f953fa0,unnumbered,,success,1779972017.385335
39812c88-7ed8-4c5e-98fb-b1d8e334dbf4,unnumbered,,success,1779972017.508722
6bd4b4f6-61b5-41aa-b18f-bbd6aa454948,unnumbered,,success,1779972017.704055
f953d9ec-002c-4e92-9123-a0bbebae7bb8,unnumbered,,success,1779972017.827987
577882f1-d420-4322-be57-f089438bc279,unnumbered,,success,1779972017.949399
441594d0-28dd-4904-b312-3271d5c87ee5,unnumbered,,success,1779972018.070760
43a7d86a-d207-4807-a70a-125ac03109b2,unnumbered,,success,1779972018.190731
d2840824-75f5-4b33-b7b7-65e69dfc4c18,unnumbered,,success,1779972016.574760
eebf59b3-3a24-4164-a1ea-9a6a3a497c1e,unnumbered,,success,1779972016.697927
77b1a822-5108-4439-a4a9-bd02367047a4,unnumbered,,success,1779972016.918299
86b361ed-4dbc-4a9f-b549-f519518f7c2b,unnumbered,,success,1779972017.047068
05550eec-65c9-4213-b09a-9b70a62dd665,unnumbered,,success,1779972017.171479
c2325893-f689-4aed-9beb-a5048734aa01,unnumbered,,success,1779972017.306788
12b25e40-82c4-44d9-b887-e1016be0b3d0,unnumbered,,success,1779972017.431217
11b4926f-66a7-45b5-ae1f-705ceeeaf004,unnumbered,,success,1779972017.644606
c52a5ca5-7377-4cca-8215-921c2670e7ee,unnumbered,,success,1779972017.770591
00245d53-0e76-4d8e-812e-39efcce7c183,unnumbered,,success,1779972017.896638
51cb924b-9c53-400e-9fda-77eafc6025c2,unnumbered,,success,1779972018.026928
d918349d-d359-412d-9322-de081e15b5cf,unnumbered,,success,1779972018.150791
bba93a47-0fee-4081-b0db-0f442741c5d8,unnumbered,,success,1779972018.346885
d70a3d37-312b-41af-b0ce-7cb47c47559e,unnumbered,,success,1779972016.582296
597f46a8-cf54-4f64-9d8f-bb3d165dd05b,unnumbered,,success,1779972016.702056
f47ba391-1db3-4335-9afa-c3ddb3628def,unnumbered,,success,1779972016.821747
c32e4828-0957-4eee-8ead-289abfc6c331,unnumbered,,success,1779972016.938688
516c1cd9-eab4-4a1b-8b91-b609c7ded4f8,unnumbered,,success,1779972017.140020
bf0449fd-9930-4763-b771-adaed7bb4ed2,unnumbered,,success,1779972017.271914
3d05a80b-b84f-4a65-9956-3e6f773cb6b7,unnumbered,,success,1779972017.390327
f4afed6a-773f-431c-9a8b-cc0bcfe2267f,unnumbered,,success,1779972017.514748
28c54067-096b-4a18-a028-ae09c040ddbd,unnumbered,,success,1779972017.634069
275086dd-0a64-443e-8f30-bd2613ef7f78,unnumbered,,success,1779972017.830129
63092f2e-f361-4968-a0a6-a42e567273eb,unnumbered,,success,1779972017.949949
0b6daa60-b806-4d0f-b063-4098c1d3e8ae,unnumbered,,success,1779972018.075659
64354c63-0905-43d6-81b2-ab0dc7473e10,unnumbered,,success,1779972018.195213
a87cd1b1-f1ef-4194-967c-f7c987ad4535,unnumbered,,success,1779972018.319128
02b061e9-f19d-4bf9-b657-3e3c6b0b8df8,unnumbered,,success,1779972016.582917
06abf24a-2345-4769-8073-c2c848660774,unnumbered,,success,1779972016.705679
312ae4ce-ea74-489c-a8dc-709326a61bc1,unnumbered,,success,1779972016.825554
5a1c201a-a96d-4eca-b717-0e6bbade5afe,unnumbered,,success,1779972017.011767
3bc18606-454d-47b0-8797-0275148dfbec,unnumbered,,success,1779972017.130809
5487acb6-3215-4745-b24e-bb50880e32c8,unnumbered,,success,1779972017.252389
786fb3ed-8403-4d51-9da4-01dcb4509918,unnumbered,,success,1779972017.370962
6caa98c8-60ca-4d46-8402-53b25810f810,unnumbered,,success,1779972017.491284
182e6d9a-9dc5-4d72-94c9-aa776763d415,unnumbered,,success,1779972017.662416
722fa3cb-c3b6-4aec-be90-9589ef0920ec,unnumbered,,success,1779972017.782063
151b67d7-cbde-483a-ae8e-68b5aa5d5aed,unnumbered,,success,1779972017.901622
9a341165-d937-4c37-9b6b-990495819de1,unnumbered,,success,1779972018.021980
cfc176b0-1f95-49ef-b0e1-5cb2e4d55015,unnumbered,,success,1779972018.142243
b86fbd4a-f734-4344-8893-eaf4b5357037,unnumbered,,success,1779972018.337199
afa110cd-8168-4e8e-b4c0-36cb5259ab22,unnumbered,,success,1779972016.590513
9d14981f-1d6d-43ad-aa34-6344c03a93bb,unnumbered,,success,1779972016.720927
43353fcd-b1e4-43fe-a711-136dc43e39f0,unnumbered,,success,1779972016.848011
5e40cda0-8128-4c2b-a21d-354d5f35f97b,unnumbered,,success,1779972016.982511
c2c0b78d-7dff-4bf3-8fd1-deef6317fb9d,unnumbered,,success,1779972017.104025
3a17c51a-3c03-4de2-8132-f7e4565e2240,unnumbered,,success,1779972017.305424
9517a8b3-9bfe-49ca-abd5-87bd09affa3f,unnumbered,,success,1779972017.426463
5cd19d22-6f50-42f5-94fd-160f1cf9ecfd,unnumbered,,success,1779972017.554441
0fecc050-e3a5-4b46-8bed-56a9e47f07ee,unnumbered,,success,1779972017.676297
b4ddfa9f-8aa1-4f58-bb3e-4cd55ae037be,unnumbered,,success,1779972017.800219
4dd8742c-3a24-4fc9-b6ae-9ce228454f84,unnumbered,,success,1779972018.001029
3b5b9eb0-99b8-4ec2-8183-4ca9e8ab795b,unnumbered,,success,1779972018.123720
3cda0199-1108-4a49-93c7-1c04ee5f0491,unnumbered,,success,1779972018.243609
772ce10b-dd05-4841-a110-2fe90d66dbe1,unnumbered,,success,1779972016.593214
fd3930b5-a1d9-4ba4-b982-f9d8ebceae2f,unnumbered,,success,1779972016.718902
13632e10-ea56-4fd3-9e4c-ece3e3fe8391,unnumbered,,success,1779972016.846186
4bed9012-2624-479e-b9b3-823d55830391,unnumbered,,success,1779972017.063267
e0558bfa-f63c-47cc-b616-1ed4ad14bf2c,unnumbered,,success,1779972017.190526
12294942-051e-4e6b-b1e4-b2e244d9bfb4,unnumbered,,success,1779972017.313706
62612148-f5b1-4676-847b-82d5121d2c49,unnumbered,,success,1779972017.452077
afb0e276-2713-4bf7-bd04-be493fea55c4,unnumbered,,success,1779972017.577196
7bf28f73-3ed5-4f7b-81a0-741c9d835c92,unnumbered,,success,1779972017.785782
dc82cb46-9ed9-4989-b2d0-53de26289ebf,unnumbered,,success,1779972017.911549
a687f7e8-af3c-4b4c-880b-6c385870515b,unnumbered,,success,1779972018.037293
c057c11a-9881-4753-be89-bdaa86bb01ab,unnumbered,,success,1779972018.173777
ea5ce5fa-04ce-4106-b4dc-cab761d32812,unnumbered,,success,1779972018.305737
6b2ee310-b92f-4784-b52e-288f466c3bc1,unnumbered,,success,1779972016.595052
b54a3231-010c-4189-8cd9-7a082dd9ec1f,unnumbered,,success,1779972016.718864
47f767ba-0c0b-4eb2-a1f6-2ef215449550,unnumbered,,success,1779972016.838401
f789e21e-36a8-4d2c-a5a8-c80b51e00d0d,unnumbered,,success,1779972017.049137
c5f752b9-7beb-4a9e-8fb3-3f4a208a40f6,unnumbered,,success,1779972017.171587
918167ec-4f8d-4c57-ac43-131445a51885,unnumbered,,success,1779972017.291135
f35c9f24-7b0e-480b-9229-0484f4fb64fe,unnumbered,,success,1779972017.417522
ba148907-1c98-4363-8dba-2c23d3a62011,unnumbered,,success,1779972017.535904
13dfa8d2-bdfe-454c-8b06-98df59229b61,unnumbered,,success,1779972017.738754
789af809-3cb0-409f-a06c-5340507ed627,unnumbered,,success,1779972017.857646
8eb96a42-088a-45bc-9b17-db891f17ae20,unnumbered,,success,1779972017.976683
fa0b4c67-bb68-49b6-866a-2042694b02c9,unnumbered,,success,1779972018.093696
43e5368c-fe99-4f7d-a422-1e2e205ded1f,unnumbered,,success,1779972018.214814
5155eb6d-2520-43df-8eec-8e30ecadf9a3,unnumbered,,success,1779972016.594690
9a54f11c-c24f-4f5d-8f61-bdaf780a11c5,unnumbered,,success,1779972016.723061
d2b6e251-3edf-4cb2-83d0-c534894fae31,unnumbered,,success,1779972016.935361
6c59b92f-f616-4cb3-b231-32d7420c0be3,unnumbered,,success,1779972017.062654
c574e949-2856-46e1-a0ab-9d541f9c52d6,unnumbered,,success,1779972017.184840
fe27b59d-3b69-48a0-8a1e-c3466ecb0c3f,unnumbered,,success,1779972017.305769
ec481d45-8773-47ba-b118-2a9ab542e9fa,unnumbered,,success,1779972017.429012
ffe4bbb7-fe39-4894-90b7-c79e920081e8,unnumbered,,success,1779972017.635075
abf8eebf-e861-42b6-8f23-23ec6b02ae63,unnumbered,,success,1779972017.763402
eda0c06a-0a97-4b6c-ae83-c4d9cf196404,unnumbered,,success,1779972017.888396
b01c24dd-7963-4f4c-8365-2a745da2eced,unnumbered,,success,1779972018.009569
84dcf440-6df4-4995-a958-1fd4cd697fa4,unnumbered,,success,1779972018.129214
5e0d7b7c-c9d6-4c86-a5f5-f72c22177eab,unnumbered,,success,1779972018.340811
30f28b09-fb4b-492a-9587-7f1599f857ca,unnumbered,,success,1779972016.609485
d9a5e00c-4c3a-4cb0-905e-bfd86884b249,unnumbered,,success,1779972016.731993
32fde309-1912-40be-800d-0c7aeecef7c4,unnumbered,,success,1779972016.860902
cdab2cf5-eebb-42e1-971f-251eff2269a6,unnumbered,,success,1779972016.986198
31027a1a-fa54-406c-8ebf-675a3985120e,unnumbered,,success,1779972017.188691
a5d51f5e-f674-4e11-a4f7-91b2b6778010,unnumbered,,success,1779972017.309586
2801b76c-059a-4520-b0fc-3f5a875fb3a7,unnumbered,,success,1779972017.455487
16a76d51-fa48-49b8-a030-44e123fc2603,unnumbered,,success,1779972017.580823
16fd94cf-34fc-4587-b114-0ce53aa6bd83,unnumbered,,success,1779972017.703755
9aa0cee9-fc01-4419-bfa0-9ded1fb5fe2b,unnumbered,,success,1779972017.918702
ac60f30f-ed49-4b6b-b69b-260dfba79d19,unnumbered,,success,1779972018.043522
e048f228-ec72-4fa3-90fb-b23a2cff689b,unnumbered,,success,1779972018.169394
6a1eae55-2283-494a-b8d3-141511318ca9,unnumbered,,success,1779972018.297488
610ed1e7-b609-4838-b535-54f39477dfe6,unnumbered,,success,1779972016.612077
aa71cac3-60d6-4ae8-ad5d-6d5c6e449106,unnumbered,,success,1779972016.731406
f8405fe2-cd11-4d7e-8dca-85205c5cfa2f,unnumbered,,success,1779972016.851924
5cd61348-132f-46b4-9a0d-c670b8aea90c,unnumbered,,success,1779972017.078823
8a34dff9-9aaa-434c-ad1d-1bf862b0f706,unnumbered,,success,1779972017.202892
37522738-c294-422d-8b10-d792fdf0682c,unnumbered,,success,1779972017.323876
64b30868-e79d-44b5-b9a7-467f28b2f417,unnumbered,,success,1779972017.443680
752846c8-7fe3-44ab-9371-2af2c8dc5a4d,unnumbered,,success,1779972017.567570
bdeaf316-ff94-4f0c-ae19-62d9190b1ff0,unnumbered,,success,1779972017.779859
5a225fdf-9198-4001-add5-973546031abb,unnumbered,,success,1779972017.907535
f3549a3b-5c63-4db7-861b-274517588e5f,unnumbered,,success,1779972018.032119
8825ed40-6a09-4afd-9ef0-571f2ef6cf87,unnumbered,,success,1779972018.166373
29b69de2-162b-4ca7-9611-e0ff54dd97d2,unnumbered,,success,1779972018.287396
1fa465df-cd52-4ada-bb74-d8c0ec33ecc3,unnumbered,,success,1779972016.612692
bc126ab2-ef9f-4a6a-85c7-c678f1cd35b8,unnumbered,,success,1779972016.743457
90b442cc-0f2d-4aa9-a8ea-653fd04f3df6,unnumbered,,success,1779972016.862888
26f7eb03-803b-4fdf-badd-650b84479f3c,unnumbered,,success,1779972016.989803
63b7af2c-23c7-4286-a772-a6feb4f78491,unnumbered,,success,1779972017.194481
72ad7bb7-833c-4ccc-b7ac-666ab2bfe120,unnumbered,,success,1779972017.314481
741ce627-2919-4eb8-a159-11d5dd25cd7b,unnumbered,,success,1779972017.443519
cbe29b1f-acb9-48bd-a89d-54b750bf06ee,unnumbered,,success,1779972017.563123
6d6a6406-32ea-47ad-bbbc-eac904792abc,unnumbered,,success,1779972017.683178
4f2cb0eb-11d7-4b38-9dcf-7534799549dd,unnumbered,,success,1779972017.892841
d4b093db-ebd4-49d9-9e91-9336ad2af491,unnumbered,,success,1779972018.014838
2f31a0c0-f399-4ac2-a0a6-d427bd12391b,unnumbered,,success,1779972018.148657
28812f30-2d18-429f-afe7-c20183cd2660,unnumbered,,success,1779972018.268870
e72c6ef8-0953-487d-b5a1-2e6fbff8511b,unnumbered,,success,1779972016.613002
ec9370bb-df76-49b0-9b81-2c918bd3fd21,unnumbered,,success,1779972016.734848
dbc7f08c-5efd-4e7e-b10b-f1d4b1aa395b,unnumbered,,success,1779972016.856191
871e7bb8-6f14-41f7-a5d9-8bdd202df8d6,unnumbered,,success,1779972016.975678
2748bff3-6d0d-4743-84e8-300bb02c099a,unnumbered,,success,1779972017.095405
2940f877-6d7b-41b3-bdac-db87a0d8dc8a,unnumbered,,success,1779972017.291205
e3d0494b-a2c0-4aae-b8b4-4559b61ef33f,unnumbered,,success,1779972017.413948
6400b589-a342-4fdd-b0ad-9b0423a24c4e,unnumbered,,success,1779972017.535740
f6fc8736-b020-4a81-8ea7-09127da8c185,unnumbered,,success,1779972017.657897
16f94d72-65f7-458e-97fc-d8a05863f72f,unnumbered,,success,1779972017.777073
4a2679c4-103d-46c2-b10c-4a47fa701717,unnumbered,,success,1779972017.979071
4afc4c97-eb8f-420b-91e6-ad272c28933a,unnumbered,,success,1779972018.098429
16a17dc3-5bc4-411f-9a99-e7c0df72c329,unnumbered,,success,1779972018.218200
62d434a7-12cf-4ded-b835-1253169f4747,unnumbered,,success,1779972018.337972
e3de5343-b877-45da-a8d7-5c0f63ac272d,unnumbered,,success,1779972016.625499
09ef54eb-02c2-4a14-8802-fcc2ed749804,unnumbered,,success,1779972016.746448
7262edb1-5636-4696-b581-99fc168d19df,unnumbered,,success,1779972016.866394
5c0cfa46-6729-48f6-a650-e72672648bdf,unnumbered,,success,1779972017.079343
4ed5ff37-90cd-46c1-9bed-fec91338c730,unnumbered,,success,1779972017.203398
8e752fdd-9dac-4226-a0c5-81e907b5a733,unnumbered,,success,1779972017.326947
cbec95c3-be47-4f05-982f-81f658d89767,unnumbered,,success,1779972017.446091
ea101ae2-a22e-490d-8b07-d589038fe9c3,unnumbered,,success,1779972017.568702
9f83a080-79de-4e3d-84b0-2293e7c653d4,unnumbered,,success,1779972017.769770
050d4421-c963-40da-bf6e-52e6f692878c,unnumbered,,success,1779972017.905309
11811fa2-7efb-451a-8967-7c32571628cc,unnumbered,,success,1779972018.029643
60773497-75a3-4e0d-9adb-e8a0d1451cdd,unnumbered,,success,1779972018.167858
dcb44fca-313d-419c-b3be-86a7295c59ae,unnumbered,,success,1779972018.293832
095e8a7e-7765-49cc-8b52-1047f9c0cfde,unnumbered,,success,1779972016.626583
8bf11dfc-2786-4822-8b67-6e3ba6bacbcc,unnumbered,,success,1779972016.747940
da8ec2ab-af59-4246-8238-66c22192a549,unnumbered,,success,1779972016.867407
f5a53213-3af2-4df7-bf82-af4151765fdf,unnumbered,,success,1779972017.079678
095e8c9b-b11f-4a3a-9c68-45aa6bdeb248,unnumbered,,success,1779972017.205660
41ddbe2e-97e4-47b3-ade9-5c37527d7423,unnumbered,,success,1779972017.330359
6761e5e6-c1b0-4281-a3a1-a773b51cfeb1,unnumbered,,success,1779972017.449953
595dfa0c-3b72-4a27-be23-cdfdd1f607ce,unnumbered,,success,1779972017.569890
82160f8b-9f19-426a-89c7-4083cddc68b2,unnumbered,,success,1779972017.796208
bdae58a0-034e-4858-956f-30d07ccc1756,unnumbered,,success,1779972017.926230
b7337b02-ad49-4065-b2e0-e8a62734e93c,unnumbered,,success,1779972018.050227
9f2d5e56-ed29-422a-8f7d-4a14e762bb71,unnumbered,,success,1779972018.178701
f4524760-44b1-4323-8f51-45fa93252daf,unnumbered,,success,1779972018.305628
6ea45071-750c-43f9-887d-603d5e61b582,unnumbered,,success,1779972016.626905
995c2e01-2a46-4b93-9093-1f46672d288a,unnumbered,,success,1779972016.756163
67f3f667-89ce-4de3-9b49-a464ac86844f,unnumbered,,success,1779972016.880181
d7030552-a09d-4e59-8881-da8f0231d53f,unnumbered,,success,1779972017.001576
0c56871c-7273-4ede-bf73-1db869f70c08,unnumbered,,success,1779972017.213716
6a363c7f-bfd2-48cb-ae9f-9458949fccd3,unnumbered,,success,1779972017.344116
89cc4c91-9bc6-4c15-8521-9810284eb627,unnumbered,,success,1779972017.465018
8d1b6e8c-e0d3-4e40-98f9-cfb08dff4ee3,unnumbered,,success,1779972017.585229
43007cec-1fe4-469b-86e2-662228312406,unnumbered,,success,1779972017.705440
b9d8e813-a48c-4c2b-af96-656a9a2af400,unnumbered,,success,1779972017.931392
0afcd67e-55c9-4d35-b36d-939bf0a208b7,unnumbered,,success,1779972018.055641
eebec3a9-a739-4dd0-88cf-1381c8b6d396,unnumbered,,success,1779972018.177611
3389239d-e9bd-463c-85b6-017bce9b95ae,unnumbered,,success,1779972018.303099
b213b344-704d-4587-bcf3-c13fcb55ff70,unnumbered,,success,1779972016.627400
750eee0e-1628-4512-a1d0-20834b7e5a1f,unnumbered,,success,1779972016.761404
04692412-2f46-460a-b943-8a1ac0020597,unnumbered,,success,1779972016.887511
3dbe5f35-7b08-44f2-b3f7-f098b605635d,unnumbered,,success,1779972017.007062
202b4ddd-d811-4e6f-8dea-914a131ca794,unnumbered,,success,1779972017.212304
3a8bd6fb-e96e-41c7-aa48-32a35792f893,unnumbered,,success,1779972017.332233
e8b0dc45-302f-411d-94d9-91c7d7018681,unnumbered,,success,1779972017.452986
cd4ef6f4-86b8-416b-92bb-d092381bc8bf,unnumbered,,success,1779972017.581139
05346e98-17a8-4c66-b83f-41bac82e4e5a,unnumbered,,success,1779972017.704637
84565489-d274-4f3c-9493-85700c78f113,unnumbered,,success,1779972017.912021
25ac8012-fb81-4efc-8f79-6b3f3974267d,unnumbered,,success,1779972018.031203
622f37ba-8f51-40c5-9d40-f67f4c4b481e,unnumbered,,success,1779972018.161021
8c366ffe-ee97-4844-a068-0893415e3dea,unnumbered,,success,1779972018.281405
62b9f2a1-6cfc-416f-8980-d421fa76875e,unnumbered,,success,1779972016.628853
5f4df80d-dae3-47dc-9429-57052072739e,unnumbered,,success,1779972016.762682
f1e6b79c-83d1-40c6-840c-7dbc480eaae6,unnumbered,,success,1779972016.882894
8e194a0e-8f11-4524-8e6a-e3d6faa8de9c,unnumbered,,success,1779972017.089175
d31a4f0e-b39d-4361-ba72-6dd3cffe65e8,unnumbered,,success,1779972017.213277
c5e07664-b381-4b84-a09d-a9e6656dd31d,unnumbered,,success,1779972017.347409
3d029ff5-6099-432d-bc3c-bbbbeb19ef21,unnumbered,,success,1779972017.467393
4a427c9b-3751-4181-b930-4cf0f0e353d7,unnumbered,,success,1779972017.590479
5f0bb37f-fed1-429f-992c-ae608db91d5f,unnumbered,,success,1779972017.800905
7684782a-5eac-4727-9462-c9ade2961ffd,unnumbered,,success,1779972017.929481
c6e8ba41-a1c2-4c51-b167-a0dec024a59c,unnumbered,,success,1779972018.054397
c2358cae-6328-4e4c-84d0-b797816087ef,unnumbered,,success,1779972018.183223
f6911d77-f354-4e61-8bf5-2668e5dc03fa,unnumbered,,success,1779972018.306461
66b93b89-c9cf-494e-b7b7-56543e2c6836,unnumbered,,success,1779972016.631663
ccf8094f-9289-45b1-bf9e-8b2f0fdbed8c,unnumbered,,success,1779972016.771691
8b04f3f3-5427-415a-93c3-0b4698eb19de,unnumbered,,success,1779972016.897205
c11788b4-5780-45a9-90d8-6b18925796e7,unnumbered,,success,1779972017.111906
9adfb9bb-802d-4c43-935b-57fa45d90b93,unnumbered,,success,1779972017.232389
9279849d-b987-49bf-b9b6-39a213dea1e6,unnumbered,,success,1779972017.354710
25ac6475-d4df-4302-b072-5ddf5058f1e8,unnumbered,,success,1779972017.474998
eebf65d1-88ff-4ffc-b833-45ab335ad2dd,unnumbered,,success,1779972017.595298
c09cd28f-b42c-4849-bd65-f307382432d5,unnumbered,,success,1779972017.791186
c8ab364b-77b4-4db6-8f63-1b0e0be03d1b,unnumbered,,success,1779972017.913690
5870a825-5373-4128-bf17-27bfb97dcee2,unnumbered,,success,1779972018.050971
23af58c7-2f54-4ff8-a9c2-3dc2f96eaadd,unnumbered,,success,1779972018.174967
7f865278-b5f6-4304-87c3-84b236b344e3,unnumbered,,success,1779972018.297909
f97b223e-ded8-4009-a299-c124b102ae3e,unnumbered,,success,1779972016.647915
70895bc5-bfb0-4a53-9ea9-9058f0002b38,unnumbered,,success,1779972016.772834
884235b5-f24f-470e-a90e-91181e608155,unnumbered,,success,1779972016.899469
6ff769e8-1743-4eb6-96eb-9d7e76a26f38,unnumbered,,success,1779972017.035295
cb47bd84-1910-4c2f-afe8-2ed9bdcac0c7,unnumbered,,success,1779972017.170946
561f42ce-72e8-4b80-8347-50d26daacde9,unnumbered,,success,1779972017.380838
f419cfd7-422a-4748-ab3a-c9e51d5bb865,unnumbered,,success,1779972017.510909
57d5a6b0-2a85-4723-ba15-da16ca8fd7fd,unnumbered,,success,1779972017.639808
2b0a6377-175c-415d-98e3-24beb78d4297,unnumbered,,success,1779972017.770705
a07a32e4-ed00-401b-b916-09f76796a82f,unnumbered,,success,1779972017.902691
08d2ff50-f513-47f9-aeaf-2968e3e82db5,unnumbered,,success,1779972018.116699
d3bd034c-f2da-4d3c-af64-d84650b130b0,unnumbered,,success,1779972018.238981
a5e176b4-aa5c-42cb-a422-b0ca6f0e83b3,unnumbered,,success,1779972016.633800
72062f3d-60c2-43f0-b4e6-6ea1410c0e63,unnumbered,,success,1779972016.772081
0da88593-a201-4c82-b450-6453de46b357,unnumbered,,success,1779972016.901751
426b1570-e494-45cc-8838-f6fb87f78494,unnumbered,,success,1779972017.119768
f1e59b70-cb2d-40e1-b45e-47546b2b35f6,unnumbered,,success,1779972017.241769
6edef687-6479-4e8c-b999-57d90714a527,unnumbered,,success,1779972017.361828
96377d6a-a963-4fd2-ad0e-3ca115c94041,unnumbered,,success,1779972017.482711
aaca9b4d-ece6-45a2-9e03-e4a0c77722d3,unnumbered,,success,1779972017.605966
2cedbf3d-ab42-4682-b9be-14fdbe643f76,unnumbered,,success,1779972017.801767
4747a8ee-2be9-420c-b9d3-8a1a325195f6,unnumbered,,success,1779972017.927618
3a32d670-0250-4d49-aff1-b93b284c92b0,unnumbered,,success,1779972018.049299
b7ffc24c-196d-414b-a09e-4b40894f43be,unnumbered,,success,1779972018.169779
8b836242-4161-4db2-8528-b789115a289a,unnumbered,,success,1779972018.301598
5704b6e8-cff6-47ec-9370-5321d87780a3,unnumbered,,success,1779972016.650182
4a84c2e7-29e3-4b84-ac1b-bf4702986d77,unnumbered,,success,1779972016.773814
f0b8681c-1b27-429c-861e-74480f02d630,unnumbered,,success,1779972016.896846
f04be765-ae85-442b-a6d8-636b35a26938,unnumbered,,success,1779972017.017287
e82e67c9-b6e2-49eb-8371-29fc9d7efaa8,unnumbered,,success,1779972017.147216
478c6652-a82d-463d-b962-53c84868a616,unnumbered,,success,1779972017.349372
ccfe6c95-5f18-4d1b-b186-2e4bac7244fd,unnumbered,,success,1779972017.477747
a0419f0b-7c91-4a6c-bbf9-0dd6ce40c795,unnumbered,,success,1779972017.599078
d5eb4f17-6329-4162-ba77-c355cfdd99e3,unnumbered,,success,1779972017.727143
87eb058d-fb11-449a-8bb9-5051adc11509,unnumbered,,success,1779972017.849304
e8d05863-530d-4092-9a8e-bfb70292279f,unnumbered,,success,1779972018.060699
c869950b-1d0d-424a-a9b6-85c7459dc443,unnumbered,,success,1779972018.189476
40978ab8-aa82-4739-8740-9772747780f8,unnumbered,,success,1779972018.327203
c1879f26-9592-41f4-9694-aadc52134aac,unnumbered,,success,1779972016.671407
d9cf388e-01cf-4a01-84da-7376734d25a7,unnumbered,,success,1779972016.797783
d2055b3a-d7e8-4060-92fd-17c6a7f52529,unnumbered,,success,1779972016.918379
b1de22fa-d911-4b49-9df2-dedcb3157e5c,unnumbered,,success,1779972017.040078
4dddd0d1-d559-4013-9d75-2010872a0914,unnumbered,,success,1779972017.172537
b5594223-2394-4144-b97e-a3c7315b83ba,unnumbered,,success,1779972017.391380
0f3d644f-b75f-44d0-b3b6-7d2dfb3a850f,unnumbered,,success,1779972017.512155
c9d22093-2c8d-4fda-a769-fedf2793e86c,unnumbered,,success,1779972017.637035
c8c395a8-490a-4f9a-8422-193b11b3944b,unnumbered,,success,1779972017.769118
45e9797d-95df-4438-80a4-439a5348b945,unnumbered,,success,1779972017.890800
0c0e679f-802e-43b0-9063-e5936b702a0e,unnumbered,,success,1779972018.108968
5dd46832-f42c-419c-8707-a0e068e0df8f,unnumbered,,success,1779972018.230591
